epoch,loss
1,0.6169554704484849
2,0.516463989076523
