epoch,loss
1,0.6102199781055268
2,0.48832293916434144
