epoch,loss
1,0.6320535877642159
2,0.5290337487721977
