epoch,loss
1,0.5961536168099973
2,0.46784637111444444
